Year,TotalWeightedObservations,GMSL_noGIA,StdDevGMSL_noGIA,SmoothedGSML_noGIA,GMSL_GIA,StdDevGMSL_GIA,SmoothedGSML_GIA,SmoothedGSML_GIA_sigremoved
1993,327401.31,-38.59,89.86,-38.76,-38.59,89.86,-38.75,-38.57
1993,324498.41,-41.97,90.86,-39.78,-41.97,90.86,-39.77,-39.11
1993,333018.19,-41.93,87.27,-39.62,-41.91,87.27,-39.61,-38.58
1993,297483.19,-42.67,90.75,-39.67,-42.65,90.74,-39.64,-38.34
1993,321635.81,-37.86,90.26,-38.75,-37.83,90.25,-38.72,-37.21
1993,291945.91,-36.09,89.99,-37.71,-36.05,89.99,-37.67,-35.98
1993,327830,-36.11,88.74,-36.85,-36.06,88.74,-36.81,-34.94
1993,326320.41,-35.52,89.49,-36.32,-35.47,89.49,-36.27,-34.19
1993,322331,-35.47,88.79,-36.11,-35.41,88.78,-36.05,-33.72
1993,331127.31,-39.25,98.1,-36.17,-39.19,98.09,-36.11,-33.48
1993,322756.69,-37.52,87.39,-36.42,-37.45,87.38,-36.35,-33.38
1993,328551.09,-34.52,87.27,-36.81,-34.45,87.27,-36.73,-33.41
1993,328241.09,-36.63,86.34,-37.26,-36.55,86.33,-37.18,-33.54
1993,326836.59,-38.8,86.2,-37.46,-38.71,86.19,-37.37,-33.48
1993,328100.19,-40.23,85.06,-37.72,-40.13,85.06,-37.62,-33.59
1993,329731.59,-38.32,85.14,-37.29,-38.21,85.14,-37.19,-33.19
1993,328350.5,-36.03,85.33,-36.91,-35.92,85.33,-36.8,-33.02
1993,329377.5,-35.22,83.43,-36.33,-35.1,83.43,-36.22,-32.87
1993,319577.59,-35.38,82.94,-35.84,-35.26,82.94,-35.72,-33.01
1993,326465.59,-35.8,84.62,-35.37,-35.68,84.63,-35.24,-33.37
1993,186585.2,-28.46,90.91,-34.73,-28.32,90.92,-34.6,-33.72
1993,321678.81,-35.66,87.17,-33.85,-35.52,87.18,-33.71,-33.92
1993,301337.19,-34.13,87.91,-32.84,-33.99,87.91,-32.69,-34.04
1993,323292,-30.27,88.73,-31.93,-30.11,88.73,-31.78,-34.22
1993,321772.19,-29.77,88.28,-31.12,-29.61,88.29,-30.96,-34.39
1993,323769.5,-30.53,86.39,-30.51,-30.36,86.4,-30.34,-34.59
1993,294127.09,-31.98,86.27,-30.09,-31.81,86.29,-29.91,-34.76
1993,324917,-28.81,86.61,-29.58,-28.62,86.62,-29.4,-34.59
1993,322737.19,-26.59,87.94,-29.41,-26.4,87.96,-29.22,-34.49
1993,322924,-29.34,86.01,-29.68,-29.15,86.02,-29.49,-34.58
1993,334720,-30.93,94.59,-30.43,-30.73,94.6,-30.23,-34.91
1993,327631.5,-31.5,85.77,-31.29,-31.3,85.79,-31.08,-35.16
1993,325905.81,-32.46,85.36,-31.82,-32.25,85.38,-31.61,-34.96
1993,317670.81,-34.31,85.55,-31.92,-34.09,85.56,-31.7,-34.25
1993,330369.59,-32.26,85.07,-31.73,-32.03,85.07,-31.5,-33.24
1993,329738.69,-28.36,85.75,-31.49,-28.13,85.76,-31.26,-32.24
1993,323905.09,-31.13,85.2,-31.72,-30.89,85.21,-31.48,-31.77
1994,330850.31,-33.32,84.62,-31.73,-33.08,84.62,-31.48,-31.2
1994,326600.59,-30.86,83.65,-31.95,-30.61,83.65,-31.7,-30.96
1994,326324.91,-29.3,82.65,-32.61,-29.04,82.65,-32.35,-31.26
1994,326427.09,-34.1,81.78,-33.39,-33.83,81.77,-33.13,-31.78
1994,331091.59,-37.41,81.17,-33.98,-37.14,81.16,-33.71,-32.16
1994,330642.19,-36.79,83,-34.04,-36.51,82.99,-33.77,-32.05
1994,325047.41,-32.25,85.44,-33.46,-31.97,85.42,-33.18,-31.27
1994,270558.41,-35.24,89.87,-32.57,-34.94,89.86,-32.28,-30.16
1994,327767.41,-28.68,84.12,-31.98,-28.38,84.1,-31.67,-29.29
1994,327597.59,-31.92,84.18,-32.02,-31.61,84.16,-31.71,-29.02
1994,327401.31,-31.69,84.17,-32.78,-31.37,84.15,-32.46,-29.42
1994,326574.69,-33.3,83.2,-33.36,-32.98,83.17,-33.04,-29.66
1994,330584.59,-34.61,82.02,-34.19,-34.28,82.01,-33.86,-30.16
1994,327463.69,-35.19,82.65,-34.65,-34.86,82.64,-34.32,-30.39
1994,328610.81,-37.93,82.27,-35.21,-37.59,82.25,-34.87,-30.83
1994,328716.69,-35.46,81.1,-35.27,-35.11,81.08,-34.92,-30.94
1994,327651,-32.61,81.9,-35.11,-32.26,81.9,-34.76,-31.04
1994,338821.91,-40.32,86.65,-34.77,-39.96,86.65,-34.41,-31.16
1994,317969.19,-38.58,80.67,-34.18,-38.21,80.68,-33.81,-31.24
1994,326282.91,-32.81,82.64,-33.34,-32.43,82.64,-32.96,-31.26
1994,324114.81,-31.46,85.63,-32.35,-31.08,85.65,-31.97,-31.29
1994,323127.69,-31.34,86.42,-31.29,-30.95,86.44,-30.9,-31.33
1994,325366.59,-31.67,86.46,-30.17,-31.28,86.49,-29.77,-31.33
1994,324409.09,-28.87,88.75,-29.07,-28.47,88.77,-28.67,-31.31
1994,323320.81,-27.01,91.51,-28.05,-26.6,91.55,-27.65,-31.25
1994,318514.31,-25.38,93.04,-27.04,-24.97,93.08,-26.63,-31.01
1994,322035.81,-26.17,95.91,-26.41,-25.76,95.94,-26,-30.93
1994,319734.81,-27.1,91.86,-25.99,-26.68,91.9,-25.57,-30.8
1994,316408.81,-25.56,92.35,-25.75,-25.13,92.39,-25.32,-30.58
1994,324484.91,-23.37,92.05,-25.78,-22.93,92.07,-25.35,-30.38
1994,325553.41,-25.62,94.64,-26.26,-25.17,94.66,-25.81,-30.39
1994,292790.31,-20.02,101.82,-27.1,-19.56,101.85,-26.65,-30.6
1994,322317.59,-28.39,95.76,-27.85,-27.93,95.79,-27.38,-30.58
1994,327572.59,-32.11,92.24,-28.02,-31.64,92.26,-27.55,-29.95
1994,330912.91,-27.84,90.87,-27.64,-27.37,90.89,-27.16,-28.75
1994,329419.09,-25.98,92.01,-27.03,-25.5,92.02,-26.55,-27.39
1994,328896.81,-24.93,95.19,-26.87,-24.44,95.2,-26.38,-26.56
1995,328370.41,-24.72,94.15,-26.9,-24.23,94.17,-26.41,-26.03
1995,329679,-27.59,90.2,-27.09,-27.09,90.2,-26.59,-25.78
1995,329359.09,-25.26,91.88,-27.93,-24.75,91.86,-27.43,-26.29
1995,327217.59,-30.47,88.75,-28.79,-29.96,88.73,-28.28,-26.89
1995,328746.5,-34.04,88.97,-29.33,-33.53,88.96,-28.81,-27.23
1995,328907.69,-28.91,88.73,-29.2,-28.38,88.73,-28.67,-26.91
1995,340864.5,-29,97.17,-29.11,-28.47,97.16,-28.58,-26.64
1995,324785.5,-23.91,92.09,-29.07,-23.37,92.05,-28.53,-26.36
1995,326223.41,-30.6,87.68,-29.43,-30.05,87.67,-28.88,-26.44
1995,327903.5,-31.35,87.19,-30,-30.8,87.17,-29.44,-26.68
1995,328378.81,-31.29,87.11,-30.55,-30.73,87.08,-29.99,-26.89
1995,326415.31,-30.14,85.65,-30.91,-29.58,85.64,-30.35,-26.9
1995,339319.19,-37.99,89.7,-31.26,-37.42,89.69,-30.69,-26.94
1995,328620.81,-33.46,82.62,-31.55,-32.88,82.59,-30.96,-27
1995,326959.5,-31.79,81.06,-31.6,-31.2,81.04,-31.01,-26.97
1995,318122.09,-29.12,83.4,-31.63,-28.52,83.39,-31.04,-27.1
1995,331672,-32.09,82.1,-31.73,-31.5,82.1,-31.13,-27.48
1995,329228.81,-33.33,81.05,-31.81,-32.73,81.03,-31.2,-28.07
1995,336931.91,-29.25,87.4,-31.42,-28.64,87.38,-30.81,-28.39
1995,324586.59,-32.39,81.82,-31.15,-31.77,81.81,-30.53,-29.02
1995,327414.09,-30.95,81.09,-30.31,-30.32,81.09,-29.68,-29.2
1995,328925.19,-30.22,80.26,-29.21,-29.58,80.26,-28.57,-29.21
1995,324234,-28.23,83.23,-27.68,-27.58,83.24,-27.04,-28.81
1995,324433.41,-27.09,82.54,-26.31,-26.45,82.56,-25.66,-28.49
1995,319661.41,-24.36,82.92,-24.93,-23.7,82.94,-24.28,-28.05
1995,325313.41,-22.84,84.38,-23.45,-22.19,84.41,-22.79,-27.3
1995,325284.91,-17.42,84.82,-23.12,-16.76,84.86,-22.46,-27.47
1995,326974.41,-23.03,85.84,-22.58,-22.36,85.87,-21.92,-27.17
1995,326523.09,-24.08,86.78,-23.02,-23.4,86.81,-22.34,-27.57
1995,336421.59,-30.34,90.47,-23.7,-29.65,90.51,-23.02,-27.98
1995,324137.91,-24.59,82.6,-24.31,-23.9,82.62,-23.62,-28.09
1995,328482.69,-25.59,82.61,-24.72,-24.89,82.64,-24.02,-27.83
1995,287659.31,-23.99,82.4,-25.01,-23.28,82.4,-24.3,-27.35
1995,906.1,-44.39,77.41,-25.34,-43.14,77.42,-24.63,-26.87
1995,330200,-27.52,81.25,-26.11,-26.81,81.26,-25.39,-26.84
1995,327630.59,-21.83,79.97,-26.91,-21.11,79.98,-26.19,-26.9
1995,318993.41,-26.73,80.17,-27.77,-26,80.18,-27.05,-27.11
1996,325888.09,-30.57,80.76,-28.93,-29.84,80.77,-28.19,-27.72
1996,223561,-32.27,81.13,-29.81,-31.53,81.12,-29.07,-28.19
1996,330860.31,-33.64,81.17,-29.86,-32.89,81.13,-29.11,-27.92
1996,327178.59,-27.55,83.49,-30.02,-26.79,83.47,-29.26,-27.83
1996,340722.31,-31.16,88.13,-29.65,-30.4,88.1,-28.88,-27.27
1996,319446.19,-27.46,82.47,-29.45,-26.69,82.43,-28.68,-26.89
1996,330185.91,-30.84,84.07,-29.55,-30.07,84.02,-28.78,-26.8
1996,324474,-29.02,84.43,-29.87,-28.23,84.37,-29.09,-26.88
1996,331313.41,-29.06,86.25,-30.24,-28.28,86.18,-29.46,-26.97
1996,328761.41,-32.36,84.91,-30.4,-31.57,84.84,-29.61,-26.8
1996,327249.91,-32.4,82.24,-30.48,-31.6,82.17,-29.68,-26.52
1996,330414.31,-29.57,82.47,-30.48,-28.76,82.42,-29.68,-26.18
1996,329280.31,-29.55,84.82,-30.21,-28.73,84.76,-29.4,-25.61
1996,328570.59,-30.96,83.1,-29.88,-30.14,83.05,-29.06,-25.08
1996,328803.81,-29.09,83.36,-29.49,-28.26,83.33,-28.66,-24.62
1996,329432.31,-28.82,82.18,-28.97,-27.99,82.15,-28.13,-24.22
1996,338053,-33.7,85.97,-28.26,-32.85,85.94,-27.42,-23.83
1996,326797.09,-28.13,81.78,-27.4,-27.28,81.75,-26.55,-23.5
1996,326652.19,-27.74,80.49,-26.48,-26.88,80.51,-25.62,-23.32
1996,326950.5,-26.27,82.42,-25.6,-25.4,82.41,-24.73,-23.35
1996,328270.41,-22.09,83.8,-24.86,-21.22,83.79,-23.99,-23.66
1996,325942.31,-24.16,81.65,-24.43,-23.28,81.67,-23.55,-24.34
1996,318747.69,-24.01,82.43,-23.99,-23.12,82.47,-23.1,-25.01
1996,322662.09,-24.11,84.15,-23.65,-23.22,84.18,-22.76,-25.72
1996,325207.81,-25.21,84.95,-23.11,-24.31,84.97,-22.21,-26.08
1996,314951.91,-22.43,85.55,-22.3,-21.54,85.59,-21.4,-25.98
1996,312478.19,-20.04,87.9,-21.27,-19.13,87.95,-20.36,-25.41
1996,326836.31,-19.55,85.04,-20.11,-18.64,85.09,-19.2,-24.46
1996,317358,-26.66,88.77,-19.08,-25.74,88.81,-18.16,-23.37
1996,328415.31,-18.05,85.96,-18.63,-17.12,86.01,-17.7,-22.61
1996,330140.19,-13.99,86.7,-19,-13.05,86.75,-18.06,-22.47
1996,325736.91,-18.89,88.5,-20.06,-17.95,88.54,-19.12,-22.86
1996,329577.19,-23.98,85.88,-21.54,-23.03,85.93,-20.59,-23.56
1996,328825.31,-23.17,84.6,-23.19,-22.21,84.63,-22.23,-24.4
1996,330362.19,-22.62,83.53,-24.65,-21.66,83.56,-23.69,-25.06
1996,323145.59,-28.35,85.95,-26.17,-27.39,85.93,-25.21,-25.85
1997,331313,-29.49,85.74,-27.27,-28.52,85.73,-26.3,-26.31
1997,331600.09,-27.35,86.07,-28,-26.38,86.09,-27.02,-26.51
1997,332334.5,-30,87.28,-28.41,-29.02,87.29,-27.43,-26.51
1997,333079.91,-27.61,86.18,-28.65,-26.62,86.15,-27.67,-26.45
1997,341335.09,-34.85,89.84,-28.8,-33.85,89.8,-27.8,-26.35
1997,331836.09,-29.47,85.68,-28.82,-28.47,85.64,-27.82,-26.19
1997,329439.5,-29.27,86.16,-28.64,-28.26,86.12,-27.62,-25.81
1997,327187.09,-29.64,89.46,-28.26,-28.62,89.4,-27.24,-25.24
1997,327037.5,-27.35,88.64,-27.82,-26.32,88.57,-26.8,-24.56
1997,328271.41,-26.05,88.15,-27.64,-25.02,88.08,-26.6,-24.08
1997,325653.91,-24.96,87.36,-27.53,-23.92,87.3,-26.49,-23.64
1997,326472.31,-29.95,85.26,-27.52,-28.9,85.18,-26.48,-23.28
1997,328372.5,-28.73,84.7,-27.62,-27.68,84.65,-26.57,-23.03
1997,326827.59,-25.68,84.82,-27.61,-24.61,84.81,-26.55,-22.73
1997,328274.41,-29.68,87.1,-27.46,-28.62,87.09,-26.39,-22.39
1997,327566.09,-25.63,89.38,-27.01,-24.56,89.35,-25.94,-21.91
1997,161160.91,-30.76,96.63,-26.62,-29.69,96.59,-25.54,-21.66
1997,328697.31,-28.28,89.92,-25.8,-27.2,89.91,-24.72,-21.19
1997,324682.5,-25.39,92.6,-24.74,-24.3,92.61,-23.65,-20.7
1997,328578.59,-24.68,92.92,-23.52,-23.58,92.94,-22.42,-20.24
1997,328765.59,-19.88,95.06,-22.15,-18.77,95.1,-21.04,-19.8
1997,326960.81,-20.35,94.87,-20.53,-19.23,94.92,-19.42,-19.25
1997,322515.19,-24.96,102.19,-18.9,-23.84,102.22,-17.78,-18.74
1997,325797.41,-18.09,100.04,-17.23,-16.96,100.08,-16.11,-18.18
1997,320122.5,-15.91,103.5,-15.77,-14.77,103.59,-14.64,-17.75
1997,318493.59,-15.03,106.37,-14.55,-13.9,106.46,-13.41,-17.4
1997,322531,-12.39,108.75,-13.53,-11.25,108.82,-12.38,-17.05
1997,318678.09,-10.17,109.16,-12.79,-9.01,109.23,-11.64,-16.75
1997,301167.91,-8.43,115.48,-12.83,-7.27,115.56,-11.67,-16.94
1997,322580.69,-12.15,113.76,-12.72,-10.98,113.84,-11.55,-16.73
1997,324144.69,-13.22,113.25,-13.31,-12.04,113.34,-12.13,-16.97
1997,323137.19,-11.96,116.04,-14.16,-10.78,116.11,-12.98,-17.28
1997,323437.41,-15.83,117.69,-15.47,-14.65,117.75,-14.29,-17.9
1997,319043.81,-16.58,115.78,-16.61,-15.4,115.82,-15.42,-18.25
1997,324582.19,-15.01,118.72,-18.09,-13.82,118.76,-16.9,-18.92
1997,319633.59,-23.12,117.61,-19.61,-21.92,117.65,-18.41,-19.64
1997,328476.5,-21.35,113.44,-20.81,-20.14,113.45,-19.61,-20.13
1998,326677.91,-24.45,110.63,-21.61,-23.25,110.64,-20.41,-20.31
1998,319886.59,-20.79,105.29,-22.05,-19.57,105.3,-20.83,-20.23
1998,292607.5,-25.02,110.08,-22.3,-23.8,110.08,-21.08,-20.1
1998,324843.81,-22.19,108.25,-22.55,-20.96,108.24,-21.32,-20.05
1998,324690.09,-22.3,104.88,-22.81,-21.06,104.86,-21.57,-20.09
1998,327196,-23.49,103.13,-22.99,-22.24,103.1,-21.74,-20.07
1998,326683.69,-24.81,102.28,-23.03,-23.55,102.27,-21.78,-19.94
1998,325948.19,-22.23,100.79,-22.94,-20.96,100.77,-21.67,-19.63
1998,324980.19,-22.27,101.62,-22.94,-21,101.58,-21.67,-19.38
1998,320308.81,-23.06,98.64,-22.87,-21.79,98.61,-21.6,-19.02
1998,321373.91,-21.17,99.45,-23.16,-19.89,99.4,-21.89,-18.97
1998,323051.59,-23.66,98.75,-23.77,-22.38,98.7,-22.49,-19.22
1998,322433,-24.29,99.27,-24.72,-23,99.22,-23.44,-19.85
1998,326120.41,-26.92,96.94,-25.97,-25.64,96.91,-24.68,-20.82
1998,301742.19,-25.43,101.6,-27.11,-24.12,101.54,-25.81,-21.79
1998,306286.91,-29.88,98.85,-28.34,-28.58,98.81,-27.03,-23.01
1998,320798.91,-29.18,99.27,-28.81,-27.86,99.21,-27.49,-23.66
1998,329675,-30.43,96.69,-28.86,-29.1,96.69,-27.53,-24.1
1998,327902.69,-27.33,95.05,-28.7,-25.99,95.04,-27.36,-24.54
1998,329425.69,-27.75,91.95,-28.48,-26.4,91.97,-27.13,-25.12
1998,326609.91,-29.26,92.53,-28.08,-27.91,92.57,-26.73,-25.69
1998,273938,-27.88,98.44,-27.72,-26.54,98.47,-26.36,-26.4
1998,323506.41,-27.74,91.34,-26.87,-26.37,91.35,-25.5,-26.67
1998,324479.41,-27.99,91.27,-26.15,-26.62,91.32,-24.77,-27.05
1998,320531,-24.45,92.42,-25.29,-23.05,92.47,-23.91,-27.2
1998,321000.5,-23.17,90.88,-24.54,-21.79,90.95,-23.15,-27.29
1998,326274.41,-23.81,90.82,-23.95,-22.42,90.88,-22.56,-27.33
1998,323616.09,-23.67,89.22,-23.67,-22.27,89.25,-22.27,-27.43
1998,323215,-22.59,92.3,-23.29,-21.18,92.33,-21.88,-27.16
1998,331122.5,-24.19,97.77,-23.29,-22.77,97.8,-21.88,-27.01
1998,325318.19,-21.81,90.07,-23.6,-20.4,90.14,-22.18,-26.93
1998,326236.31,-24.01,88.08,-24.15,-22.59,88.12,-22.73,-26.91
1998,318046.41,-24.18,88.33,-24.82,-22.76,88.31,-23.39,-26.86
1998,317918.19,-27.93,86.88,-25.4,-26.49,86.88,-23.97,-26.65
1998,326377.69,-23.73,86.3,-25.94,-22.29,86.28,-24.5,-26.37
1998,304787.09,-27.67,83.82,-26.31,-26.22,83.82,-24.87,-25.96
1998,306854.59,-26.51,84.07,-26.74,-25.07,84.08,-25.29,-25.68
1999,315886.19,-28.26,84.12,-26.95,-26.81,84.1,-25.49,-25.29
1999,327997.69,-26.37,82.39,-26.87,-24.9,82.33,-25.41,-24.73
1999,336209.09,-28.44,89.92,-26.36,-26.97,89.86,-24.89,-23.85
1999,326436.59,-30.95,86.72,-25.43,-29.48,86.65,-23.95,-22.64
1999,236454.59,-20.45,87.21,-24.51,-18.94,87.13,-23.01,-21.49
1999,327603.41,-23.36,85.03,-23.65,-21.87,84.94,-22.14,-20.44
1999,327142.31,-21.76,86.38,-23.25,-20.25,86.27,-21.75,-19.87
1999,327566,-23.56,88.2,-23.21,-22.05,88.07,-21.7,-19.61
1999,327960.19,-22.53,90.98,-23.52,-21.01,90.78,-22,-19.66
1999,329095.31,-24.73,91.08,-23.8,-23.2,90.89,-22.28,-19.64
1999,329196.31,-23.67,91.42,-24.31,-22.14,91.28,-22.78,-19.8
1999,317725,-28.81,97.85,-24.89,-27.26,97.73,-23.35,-20.02
1999,326764.91,-26.82,89,-25.38,-25.28,88.92,-23.83,-20.18
1999,328319.19,-24.9,87.33,-25.71,-23.35,87.26,-24.16,-20.26
1999,329875.69,-26.08,86.42,-25.92,-24.52,86.36,-24.36,-20.33
1999,328334.91,-24.94,85.21,-26.02,-23.37,85.14,-24.46,-20.46
1999,328843.19,-28.4,85.02,-25.94,-26.83,84.95,-24.37,-20.6
1999,330159.81,-26.45,81.68,-25.41,-24.88,81.61,-23.83,-20.5
1999,326919.81,-25.26,82.66,-24.94,-23.68,82.65,-23.36,-20.68
1999,326871.91,-23.18,82.51,-24.15,-21.59,82.52,-22.56,-20.72
1999,324466.09,-23.28,82.36,-23.32,-21.68,82.35,-21.73,-20.89
1999,326777.41,-22.27,83.65,-22.46,-20.67,83.66,-20.86,-21.11
1999,324050,-23.54,83.97,-21.41,-21.93,84.03,-19.8,-21.19
1999,324388,-18.24,84.16,-20.01,-16.63,84.22,-18.39,-20.87
1999,128785.2,-21.49,93.85,-18.29,-19.83,93.92,-16.67,-20.13
1999,326325.19,-17.57,86.15,-16.64,-15.94,86.22,-15.01,-19.29
1999,323597.59,-14.12,86.43,-15.41,-12.48,86.49,-13.77,-18.64
1999,321615.19,-14.87,88.44,-14.99,-13.23,88.5,-13.35,-18.55
1999,322346.81,-11.58,87.4,-14.49,-9.93,87.44,-12.84,-18.11
1999,322211.69,-14.58,87.26,-14.68,-12.92,87.28,-13.03,-18.11
1999,329266.09,-15.22,87.28,-15.22,-13.56,87.32,-13.55,-18.21
1999,327559.91,-16.58,88.02,-15.74,-14.91,88.11,-14.07,-18.12
1999,316883.41,-15.79,86.47,-16.32,-14.11,86.54,-14.64,-17.96
1999,328580.91,-18.18,85.25,-16.86,-16.5,85.28,-15.18,-17.7
1999,316980.5,-16.1,89.39,-17.36,-14.43,89.43,-15.67,-17.38
1999,330571.91,-17.09,83.54,-17.85,-15.39,83.54,-16.15,-17.1
1999,328112.31,-17.64,83.12,-18.31,-15.94,83.14,-16.61,-16.88
2000,327100,-19.68,81.78,-18.8,-17.98,81.8,-17.09,-16.79
2000,331835.31,-18.71,83.81,-19.34,-17.01,83.83,-17.63,-16.88
2000,327420.5,-18.42,83.64,-19.87,-16.7,83.59,-18.15,-17.05
2000,327438.31,-22.18,84.57,-20.28,-20.45,84.52,-18.55,-17.2
2000,330375.91,-23.02,85.7,-20.68,-21.29,85.65,-18.95,-17.4
2000,329260,-19.67,87.33,-20.72,-17.93,87.19,-18.98,-17.25
2000,320738.81,-19.79,87.75,-20.65,-18.03,87.65,-18.9,-16.99
2000,328042.31,-21.84,89.24,-20.67,-20.08,89.1,-18.91,-16.78
2000,326483.69,-18.36,90.51,-20.97,-16.61,90.37,-19.21,-16.82
2000,192985.59,-23.69,97.12,-21.62,-21.91,96.99,-19.85,-17.15
2000,328569.09,-23.6,88.05,-22.38,-21.83,87.93,-20.6,-17.56
2000,326646.91,-22.54,88.76,-22.97,-20.75,88.64,-21.19,-17.81
2000,327983.09,-24.39,88.02,-23.32,-22.6,87.88,-21.52,-17.82
2000,327657.31,-23.34,88.22,-23.45,-21.54,88.15,-21.65,-17.72
2000,327838.09,-23.24,86.94,-23.6,-21.44,86.98,-21.8,-17.76
2000,328204.41,-23.39,85.74,-23.62,-21.57,85.76,-21.81,-17.83
2000,329853.5,-24.36,84.2,-23.66,-22.54,84.15,-21.84,-18.12
2000,328135.09,-24.96,86.05,-23.47,-23.15,86.05,-21.65,-18.39
2000,329331.69,-22.98,83.81,-23.05,-21.15,83.81,-21.22,-18.64
2000,324019.31,-21.1,84.97,-22.34,-19.26,84.94,-20.5,-18.79
2000,308901.81,-20.69,89.48,-21.3,-18.83,89.46,-19.46,-18.76
2000,322369.09,-23.25,83.51,-19.97,-21.4,83.62,-18.12,-18.52
2000,317959.81,-19.42,83.21,-18.52,-17.56,83.28,-16.66,-18.19
2000,326336.19,-14.48,84.81,-16.91,-12.61,84.9,-15.04,-17.65
2000,325104.5,-17.04,85.35,-15.53,-15.18,85.41,-13.66,-17.23
2000,324012.81,-15.88,87.48,-13.96,-14.01,87.52,-12.08,-16.44
2000,315060.31,-11.12,85.53,-12.67,-9.24,85.66,-10.79,-15.71
2000,320247.5,-8.72,83.64,-11.22,-6.82,83.8,-9.34,-14.56
2000,325605.31,-8.05,84,-10.52,-6.16,84.12,-8.63,-13.89
2000,325309.69,-10.84,86.17,-10.51,-8.94,86.3,-8.61,-13.65
2000,315720.69,-2.22,91.45,-11.21,-0.3,91.54,-9.31,-13.91
2000,323946.41,-10.1,83.93,-12.58,-8.18,84.03,-10.66,-14.64
2000,295192.19,-13.38,84,-13.75,-11.48,84.09,-11.84,-15.08
2000,308141.31,-14.71,82.97,-14.99,-12.78,82.99,-13.07,-15.51
2000,326290.5,-18.28,82.42,-15.96,-16.37,82.42,-14.04,-15.68
2000,330351.69,-18.53,82.67,-16.59,-16.6,82.71,-14.66,-15.54
2000,327933.5,-15.77,80.74,-16.76,-13.83,80.74,-14.82,-15.04
2001,325869.69,-17.09,80.42,-17.02,-15.14,80.47,-15.07,-14.73
2001,271780.09,-16.37,85.58,-17.06,-14.38,85.59,-15.1,-14.31
2001,329342.41,-17.42,81.77,-17.01,-15.46,81.73,-15.05,-13.92
2001,330595.41,-16.58,82.5,-16.85,-14.61,82.48,-14.88,-13.5
2001,329450.5,-19.08,84.14,-16.57,-17.1,84.04,-14.59,-13.02
2001,326294,-15.19,85.52,-16.29,-13.2,85.4,-14.3,-12.55
2001,327435.31,-12.21,85.39,-16.11,-10.22,85.27,-14.12,-12.19
2001,323568.41,-19.41,85.28,-16.13,-17.41,85.07,-14.13,-11.98
2001,325708.91,-15.71,86.2,-16.11,-13.7,85.96,-14.1,-11.68
2001,326082.59,-16.66,86.77,-16.2,-14.64,86.58,-14.18,-11.45
2001,326045.81,-14.08,85.38,-16.45,-12.06,85.22,-14.42,-11.34
2001,328117.69,-15.94,85.03,-16.93,-13.9,84.87,-14.9,-11.48
2001,326193.19,-18.61,84.64,-17.57,-16.58,84.56,-15.53,-11.8
2001,326732.31,-19.05,83.01,-18.12,-17.01,82.97,-16.08,-12.13
2001,325253.59,-19.29,82.37,-18.31,-17.24,82.31,-16.26,-12.22
2001,323993.69,-19.3,82.21,-17.98,-17.25,82.25,-15.92,-11.96
2001,325805.19,-19.67,82.24,-17.12,-17.61,82.25,-15.06,-11.39
2001,319554.69,-15.26,82.56,-15.93,-13.19,82.57,-13.87,-10.7
2001,326623.09,-12.71,82.75,-14.73,-10.64,82.76,-12.65,-10.18
2001,323061.19,-11.87,82.22,-13.7,-9.79,82.28,-11.62,-10.04
2001,320287.91,-15.71,82.8,-12.84,-13.61,82.95,-10.75,-10.2
2001,315810.69,-10.82,83.63,-11.95,-8.73,83.75,-9.85,-10.42
2001,327263.59,-12.24,82.65,-10.85,-10.13,82.73,-8.75,-10.45
2001,326015.81,-10.32,84.64,-9.52,-8.2,84.81,-7.41,-10.18
2001,321442.31,-8.27,85.16,-8.07,-6.16,85.36,-5.95,-9.66
2001,319779.59,-5.33,85.01,-6.77,-3.2,85.2,-4.65,-9.11
2001,319445.81,-4.13,83.97,-5.97,-2.02,84.15,-3.84,-8.83
2001,323807.41,-2.1,83.45,-5.82,0.04,83.63,-3.69,-8.94
2001,325648.69,-6.48,84.15,-6.23,-4.33,84.34,-4.09,-9.33
2001,324649.19,-10.37,87.24,-6.91,-8.22,87.45,-4.76,-9.74
2001,325657,-6.54,86.51,-7.69,-4.39,86.72,-5.54,-10.05
2001,326862.09,-5.29,85.2,-8.61,-3.13,85.44,-6.45,-10.31
2001,300655.91,-10.35,83.09,-9.71,-8.19,83.27,-7.55,-10.65
2001,328973.09,-11.85,83.15,-10.85,-9.68,83.27,-8.69,-10.99
2001,326831.41,-13.62,81.53,-11.83,-11.45,81.65,-9.66,-11.16
2001,326930.69,-12.81,82,-12.51,-10.64,82.13,-10.34,-11.09
2001,328118.41,-11.38,83.48,-12.9,-9.21,83.6,-10.72,-10.82
2002,321389.41,-15.74,82.81,-13.03,-13.55,82.94,-10.84,-10.4
2002,324678.41,-13.67,81.01,-12.99,-11.47,81.07,-10.79,-9.93
2002,327802.31,-10.55,81.52,-12.88,-8.36,81.57,-10.68,-9.5
2002,326338.19,-12.99,80.54,-12.88,-10.77,80.58,-10.67,-9.25
2002,328787.19,-13.62,80.57,-13.08,-11.4,80.57,-10.86,-9.25
2002,323598.81,-10.62,80.63,-13.43,-8.39,80.57,-11.19,-9.41
2002,324877,-16.32,81.29,-13.79,-14.08,81.17,-11.55,-9.58
2002,322945,-15.14,80.67,-14.03,-12.89,80.52,-11.78,-9.58
2002,325969.41,-14.2,82.39,-14.15,-11.95,82.28,-11.89,-9.41
2002,323002.19,-11.71,81.77,-14.25,-9.44,81.66,-11.99,-9.19
2002,303260.81,-15.56,78.75,-14.45,-13.29,78.65,-12.18,-9.03
2002,322970.31,-14.3,79.28,-14.73,-12.02,79.22,-12.45,-8.96
2002,327554.09,-16.21,80.25,-15.01,-13.93,80.14,-12.73,-8.95
2002,335852.31,-14.55,81.77,-15.21,-12.27,81.64,-12.93,-8.95
2002,335401.41,-14.63,79.89,-15.25,-12.34,79.87,-12.96,-8.92
2002,336444.81,-17.65,79.4,-14.97,-15.35,79.35,-12.67,-8.75
2002,335406.69,-16.5,78.74,-14.25,-14.19,78.73,-11.94,-8.35
2002,334512.5,-11.75,81.62,-13.07,-9.44,81.52,-10.76,-7.7
2002,336829.69,-12.61,82.54,-11.56,-10.29,82.51,-9.24,-6.93
2002,332629.09,-10.07,82.98,-9.86,-7.75,83.02,-7.54,-6.15
2002,334294.59,-8.27,84.16,-8.15,-5.94,84.31,-5.82,-5.48
2002,332752.69,-5.83,82.23,-6.61,-3.5,82.42,-4.27,-5.05
2002,333642.09,-2.29,84.92,-5.4,0.05,85.1,-3.05,-4.96
2002,331833.5,-5.27,86.91,-4.52,-2.91,87.1,-2.18,-5.14
2002,331529.69,-4.62,91.34,-3.87,-2.28,91.54,-1.51,-5.38
2002,330965.91,-3.05,92.32,-3.26,-0.68,92.5,-0.9,-5.48
2002,331197,-2.15,92.01,-2.6,0.22,92.19,-0.22,-5.28
2002,330957.59,-3.38,91.48,-1.91,-1,91.68,0.47,-4.8
2002,331397.81,-1.22,96.04,-1.36,1.17,96.22,1.02,-4.19
2002,328997.09,3.39,97.13,-1.18,5.78,97.29,1.21,-3.7
2002,331124.31,-1.91,96.34,-1.54,0.47,96.5,0.85,-3.55
2002,334357,-1.74,93.52,-2.44,0.66,93.7,-0.04,-3.76
2002,334768.81,-2.44,92.4,-3.68,-0.03,92.55,-1.27,-4.22
2002,333972.41,-6.56,92.04,-5.03,-4.14,92.18,-2.61,-4.75
2002,334007.81,-7.04,91.98,-6.25,-4.62,92.16,-3.83,-5.18
2002,336080.5,-6.65,90.06,-7.15,-4.23,90.27,-4.73,-5.35
2003,336101.31,-9.43,88.81,-7.58,-7.01,88.89,-5.16,-5.15
2003,336995.09,-11.69,88.07,-7.51,-9.25,88.09,-5.08,-4.55
2003,330716.31,-4.68,87.64,-7.13,-2.25,87.71,-4.69,-3.76
2003,337325.31,-5.28,86.92,-6.84,-2.84,86.96,-4.4,-3.17
2003,337109.69,-3.46,86.59,-6.92,-1.01,86.65,-4.47,-3.02
2003,336450.19,-9.51,87.36,-7.31,-7.05,87.43,-4.85,-3.21
2003,330120.91,-9.39,88.49,-7.73,-6.92,88.46,-5.27,-3.46
2003,334689.09,-8.47,89.83,-7.98,-6,89.76,-5.5,-3.49
2003,335230.91,-7.26,88.36,-8.07,-4.78,88.3,-5.59,-3.34
2003,331657.19,-7.76,86.31,-8.2,-5.27,86.3,-5.71,-3.18
2003,320078.69,-7.25,87.8,-8.51,-4.76,87.76,-6.01,-3.15
2003,333961.09,-8.97,85.93,-9.01,-6.46,85.81,-6.5,-3.29
2003,334652.19,-10.43,84.93,-9.59,-7.9,84.88,-7.07,-3.52
2003,338825.19,-10.4,84.29,-10.13,-7.88,84.22,-7.61,-3.78
2003,334297.5,-10.4,84.55,-10.57,-7.86,84.47,-8.04,-4.04
2003,335128.5,-10.57,82.72,-10.85,-8.03,82.64,-8.32,-4.29
2003,333452.91,-13.17,82.36,-10.9,-10.63,82.38,-8.35,-4.48
2003,334772.91,-10.37,81.56,-10.63,-7.82,81.71,-8.07,-4.56
2003,333429.31,-11.36,82.07,-10.01,-8.8,82.16,-7.46,-4.53
2003,334942.59,-9.82,83.42,-9.14,-7.26,83.47,-6.58,-4.43
2003,333665,-6.46,84.03,-8.14,-3.88,84.15,-5.57,-4.37
2003,330180.69,-7.75,84.87,-7.08,-5.16,84.98,-4.49,-4.36
2003,330846,-5.95,84.41,-5.92,-3.37,84.6,-3.33,-4.33
2003,331292.59,-7.21,84.78,-4.63,-4.61,85,-2.04,-4.15
2003,331523,-1.73,87.72,-3.31,0.87,87.88,-0.71,-3.85
2003,331959,0.08,86.76,-2.12,2.67,86.89,0.48,-3.54
2003,331709.41,-1.37,86.93,-1.23,1.24,87.11,1.38,-3.31
2003,331072.31,-0.78,88.92,-0.66,1.84,89.11,1.96,-3.16
2003,329869.09,0.66,89.36,-0.4,3.28,89.55,2.23,-3.05
2003,332393,-0.37,89.14,-0.51,2.26,89.29,2.12,-3.05
2003,331095.69,1.94,91.66,-1.08,4.58,91.83,1.56,-3.27
2003,333406.19,-1.35,89.7,-2.03,1.29,89.89,0.62,-3.66
2003,287976.91,-3.91,87.68,-3.05,-1.28,87.84,-0.4,-3.98
2003,57372.3,-9.03,92.23,-3.83,-6.3,92.32,-1.16,-3.96
2003,333051.81,-2.33,86.45,-4.24,0.32,86.5,-1.57,-3.56
2003,335903.69,-2.25,84.83,-4.39,0.41,84.9,-1.72,-2.93
2003,338310.19,-6.29,83.94,-4.42,-3.63,83.95,-1.75,-2.24
2004,339370.19,-6.62,84.3,-4.42,-3.94,84.28,-1.75,-1.63
2004,333236.31,-2,86.68,-4.55,0.68,86.77,-1.88,-1.27
2004,331235.69,-2.04,85.93,-4.98,0.64,86.02,-2.3,-1.31
2004,337695.91,-4.6,82.99,-5.68,-1.91,82.97,-2.99,-1.72
2004,244024,-11.69,83.45,-6.41,-9.02,83.31,-3.7,-2.21
2004,213833.5,-6.98,83.21,-6.86,-4.22,83.07,-4.14,-2.47
2004,337019.59,-5.48,84.27,-7,-2.75,84.15,-4.28,-2.43
2004,336931.19,-7.41,85.13,-7,-4.68,85.03,-4.27,-2.22
2004,335070.69,-7.52,85.8,-7.04,-4.78,85.71,-4.3,-2.01
2004,262906.09,-5.93,87.24,-7.25,-3.17,87.03,-4.5,-1.91
2004,333578.81,-7.54,87.18,-7.78,-4.79,87,-5.03,-2.11
2004,334585.41,-5.89,85.66,-8.69,-3.13,85.44,-5.93,-2.66
2004,337527.31,-10.26,83.11,-9.89,-7.49,83.04,-7.12,-3.52
2004,338586.81,-11.81,82.72,-11.04,-9.04,82.58,-8.27,-4.41
2004,335046.31,-15.65,84.4,-11.72,-12.89,84.27,-8.95,-4.93
2004,335732.41,-12.1,83.56,-11.65,-9.33,83.48,-8.88,-4.86
2004,336848.81,-13.22,82.22,-10.8,-10.44,82.22,-8.02,-4.19
2004,334166.69,-10.73,82.99,-9.4,-7.93,82.99,-6.61,-3.17
2004,326854.69,-5.03,81.45,-7.86,-2.23,81.41,-5.05,-2.22
2004,330953.19,-4.77,83.26,-6.49,-1.95,83.23,-3.68,-1.65
2004,331774.59,-5.47,84.1,-5.36,-2.66,84.16,-2.54,-1.48
2004,331255.81,-6.32,82.71,-4.3,-3.48,82.81,-1.47,-1.49
2004,332555.19,-4.07,84.88,-3.12,-1.24,84.97,-0.29,-1.43
2004,333818.59,-0.29,86.37,-1.81,2.53,86.52,1.03,-1.22
2004,332026,-0.42,87.82,-0.51,2.43,88,2.33,-0.93
2004,330330.5,0.03,88.55,0.58,2.89,88.77,3.43,-0.68
2004,329841.19,4.58,89.39,1.33,7.43,89.52,4.19,-0.57
2004,330668.41,1.43,87.13,1.69,4.3,87.29,4.56,-0.59
2004,331419,1.71,88.57,1.69,4.58,88.72,4.56,-0.72
2004,325355.09,2.83,87.81,1.39,5.71,88,4.27,-0.87
2004,327828,0.46,88.2,0.91,3.34,88.38,3.8,-0.98
2004,332596.59,0.41,88.78,0.35,3.3,88.98,3.24,-0.97
2004,332267.19,0.31,88.04,-0.16,3.2,88.11,2.73,-0.78
2004,330029.09,-3.36,87.32,-0.55,-0.45,87.43,2.35,-0.37
2004,335566.91,0.52,86.52,-0.84,3.42,86.61,2.06,0.15
2004,329079.81,-1.24,86.68,-1.22,1.66,86.79,1.69,0.55
2004,337048.5,2.43,85.85,-1.77,5.34,86.01,1.14,0.71
2005,339411.31,-5.37,86.35,-2.37,-2.46,86.5,0.55,0.72
2005,334575.41,-6.06,85.31,-2.73,-3.14,85.38,0.19,0.84
2005,335040,-2.41,85.23,-2.69,0.51,85.21,0.24,1.26
2005,336761.41,-1.43,84.8,-2.34,1.51,84.67,0.6,1.9
2005,330183.91,-1.66,85.93,-1.9,1.29,85.83,1.04,2.55
2005,326485.5,-2.89,87.29,-1.6,0.07,87.18,1.35,3.04
2005,334019.09,1.36,90.06,-1.57,4.31,89.9,1.39,3.26
2005,333148.69,0.14,89.3,-1.83,3.1,89.17,1.14,3.21
2005,327983.31,-5.29,85.78,-2.28,-2.33,85.66,0.7,3.02
2005,338030.59,-3.46,83.27,-2.77,-0.47,83.07,0.21,2.83
2005,333160.81,-0.1,84.24,-3.21,2.9,83.99,-0.21,2.75
2005,333597.59,-5.79,85.42,-3.55,-2.77,85.3,-0.55,2.76
2005,335915,-4.62,85.06,-3.76,-1.61,84.93,-0.75,2.88
2005,335539.81,-3.63,85.38,-3.81,-0.63,85.16,-0.79,3.1
2005,333971.09,-3.51,84.02,-3.71,-0.5,83.8,-0.69,3.34
2005,337847.31,-3.81,83.04,-3.5,-0.78,82.99,-0.47,3.54
2005,338509.59,-3.68,82.81,-3.2,-0.65,82.71,-0.16,3.63
2005,336165.31,-2.5,81.85,-2.78,0.54,81.72,0.26,3.63
2005,335105.31,-3.66,82.23,-2.24,-0.6,82.13,0.81,3.54
2005,331750.19,-0.36,81.96,-1.6,2.69,82.05,1.46,3.36
2005,333718.09,-2.09,81.26,-0.91,0.97,81.27,2.16,3.07
2005,324330.31,1.34,81.43,-0.19,4.42,81.46,2.88,2.7
2005,331508,-0.55,81.2,0.59,2.54,81.35,3.67,2.36
2005,327830.59,0.56,82.24,1.5,3.63,82.4,4.59,2.18
2005,330036,2.5,82.78,2.53,5.59,82.87,5.62,2.21
2005,330547.19,3.73,84.58,3.55,6.83,84.65,6.66,2.43
2005,191083.41,5.98,91.97,4.36,9.12,92.07,7.47,2.63
2005,208936.5,6.24,84.05,4.82,9.38,84.22,7.94,2.75
2005,330662.19,5.84,82.75,4.97,8.94,82.87,8.09,2.82
2005,330771.31,2.91,83.97,5,6.03,84.03,8.12,3.02
2005,330654.91,3.93,86.12,5.06,7.06,86.17,8.19,3.5
2005,332025,7.18,87.03,5.11,10.3,87.05,8.25,4.15
2005,330806.59,5.67,85.73,4.97,8.82,85.71,8.11,4.74
2005,335361.19,5.69,83.95,4.5,8.83,83.99,7.64,5.06
2005,337092.41,3.83,83.5,3.66,6.98,83.57,6.81,5.04
2005,336864.91,2.73,83.29,2.55,5.89,83.23,5.7,4.7
2005,334979.59,2.1,83.84,1.32,5.26,83.74,4.48,4.17
2006,337345.91,-0.95,81.91,0.13,2.21,81.85,3.29,3.56
2006,338687.81,-2.18,82.55,-0.85,0.98,82.51,2.31,3.04
2006,338609.5,-1.92,82.3,-1.55,1.25,82.19,1.63,2.71
2006,337223.81,-1.93,85.38,-1.97,1.25,85.23,1.21,2.55
2006,335059.41,-3.17,85.4,-2.24,0.01,85.2,0.95,2.49
2006,335596.59,-2.16,87.49,-2.5,1.04,87.27,0.69,2.41
2006,334302.91,0.23,87.44,-2.88,3.44,87.21,0.33,2.23
2006,336557.59,-6.01,88.31,-3.36,-2.79,88.09,-0.15,1.97
2006,337430.69,-4.02,88.38,-3.89,-0.79,88.08,-0.66,1.72
2006,335712.91,-3.15,85.9,-4.36,0.08,85.61,-1.13,1.55
2006,333023.09,-5.18,86.68,-4.69,-1.94,86.39,-1.45,1.58
2006,333935.91,-6.44,86.45,-4.74,-3.18,86.26,-1.5,1.87
2006,332995.59,-6.44,84.43,-4.44,-3.2,84.22,-1.19,2.5
2006,333382.59,-3.33,84.05,-3.82,-0.08,83.9,-0.56,3.36
2006,332667,-1.51,83.92,-3.02,1.77,83.94,0.24,4.28
2006,331722.81,-3.11,83.51,-2.18,0.15,83.47,1.09,5.07
2006,335241.31,-1.75,82.96,-1.29,1.52,82.95,1.98,5.71
2006,335389.09,-1.09,81.66,-0.34,2.2,81.67,2.93,6.19
2006,332088,1.49,81.34,0.56,4.74,81.39,3.84,6.43
2006,336416.09,2.89,81.43,1.31,6.17,81.45,4.59,6.31
2006,332966.31,2.08,81.34,1.87,5.38,81.45,5.17,5.88
2006,332709.09,2.25,81.88,2.44,5.55,81.96,5.75,5.36
2006,332923.19,0.2,84.23,3.28,3.51,84.36,6.59,5.06
2006,330071.19,3.12,85.16,4.5,6.45,85.33,7.82,5.21
2006,327689.81,6.96,88,5.91,10.3,88.23,9.24,5.66
2006,329379.41,9.49,87.04,7.12,12.85,87.23,10.47,6.11
2006,324011.69,10.87,87.68,7.87,14.21,87.84,11.22,6.3
2006,331231.31,6.8,88.2,8.18,10.15,88.41,11.53,6.31
2006,327244,6.74,89.23,8.24,10.1,89.46,11.58,6.32
2006,330563.19,9.38,88.43,8.15,12.74,88.67,11.5,6.46
2006,145329.3,9.19,88.85,7.83,12.49,89.14,11.18,6.59
2006,259149.09,7.54,88.58,6.11,10.94,88.69,9.48,6.26
2006,335114.81,3.22,87.01,5.08,6.59,87.1,8.45,6.03
2006,324480.69,6.02,86.99,4.13,9.37,87.12,7.51,5.89
2006,336439.31,2.58,84.73,3.2,5.97,84.86,6.59,5.73
2006,338004.69,2.59,82.81,2.28,5.98,82.95,5.67,5.48
2007,335609.31,1.19,81.69,1.52,4.59,81.67,4.92,5.28
2007,336097.09,-0.21,82.99,0.73,3.2,82.91,4.14,4.94
2007,336639.41,-0.6,84.14,0.36,2.81,84.16,3.77,4.91
2007,337740.19,-1.07,85.42,0.33,2.35,85.32,3.75,5.13
2007,334254.19,-0.07,85.17,0.51,3.36,85.01,3.94,5.52
2007,336829.81,3.95,87.27,0.66,7.39,87.07,4.1,5.85
2007,336134.81,0.68,89.26,0.61,4.11,89.01,4.06,6
2007,335549.41,-0.14,89.8,0.4,3.32,89.53,3.86,6.02
2007,335189,-1.63,88.34,0.13,1.85,88.1,3.6,6.03
2007,333723,1.27,89.31,-0.19,4.75,89.17,3.29,6.04
2007,333330.19,0.96,86.81,-0.64,4.45,86.56,2.84,5.93
2007,333691.69,-0.3,85.62,-1.21,3.19,85.34,2.28,5.72
2007,335065.41,-5.27,85.1,-1.73,-1.79,84.91,1.76,5.5
2007,335579,-2.21,85.62,-2,1.28,85.56,1.5,5.46
2007,332442.31,-1.76,83.07,-1.98,1.74,83,1.52,5.56
2007,336762.09,-1.75,82.53,-1.77,1.77,82.48,1.75,5.7
2007,333971,-2.05,81.3,-1.48,1.47,81.24,2.05,5.71
2007,335141.91,-0.72,83.71,-1.2,2.83,83.71,2.33,5.48
2007,336003.69,0,83.12,-0.93,3.53,83.05,2.61,5.05
2007,335186.59,-1.2,81.54,-0.57,2.35,81.63,2.98,4.52
2007,331012.31,-2.38,80.39,0.02,1.19,80.48,3.58,4.09
2007,332730.91,-0.6,82.09,0.86,2.97,82.08,4.42,3.81
2007,331626.59,5.36,81.04,1.79,8.93,81.08,5.37,3.63
2007,331460.59,2.85,82.03,2.66,6.44,82.21,6.24,3.44
2007,331485.59,2.02,83.99,3.41,5.61,84.17,7.01,3.27
2007,330815.59,3.22,85.57,4.12,6.83,85.75,7.71,3.22
2007,331999.41,7.07,87.53,4.78,10.67,87.7,8.38,3.38
2007,332423.41,5.26,87.79,5.35,8.87,88.02,8.96,3.71
2007,327691.5,4.75,87.89,5.82,8.37,88.1,9.43,4.19
2007,332829.81,7.74,86.74,6.18,11.34,86.95,9.79,4.82
2007,334897.91,5.44,85.96,6.41,9.06,86.09,10.02,5.53
2007,335563,7.25,84.95,6.39,10.86,85.02,10.01,6.17
2007,336075,8.33,83.81,5.95,11.96,83.85,9.57,6.49
2007,334085.19,6.29,82.8,5.01,9.91,82.94,8.64,6.37
2007,336405.81,4.82,82.26,3.73,8.46,82.36,7.36,5.89
2007,335947.5,-0.37,81.47,2.46,3.26,81.55,6.1,5.37
2007,338065.91,-1.07,83.21,1.51,2.55,83.11,5.15,5.07
2008,336279.5,1.28,83.73,0.93,4.93,83.52,4.58,5.03
2008,336230.81,2.35,84.61,0.5,6.01,84.49,4.16,5.03
2008,336290.69,1.15,85.49,0.03,4.81,85.42,3.7,4.89
2008,332937,-2.8,87.42,-0.48,0.88,87.27,3.19,4.61
2008,335028.09,-0.33,89.46,-0.92,3.35,89.2,2.76,4.37
2008,335530.5,-2.88,90.34,-1.21,0.82,90.07,2.48,4.26
2008,336841.41,-0.54,91.19,-1.42,3.16,90.85,2.28,4.25
2008,336010.81,-0.18,90.37,-1.69,3.52,90.05,2.02,4.22
2008,333691.41,-2.34,90.18,-2.08,1.39,89.83,1.64,4.12
2008,332549.19,-2.87,89.57,-2.48,0.86,89.13,1.25,4.05
2008,333594.59,-2.88,89.92,-2.64,0.84,89.6,1.09,4.24
2008,335842.09,-5.53,89.03,-2.31,-1.8,88.69,1.43,4.92
2008,146891.5,-3.66,87.64,-1.4,0.13,87.42,2.35,6.13
2008,332612,0.92,85,-0.1,4.67,84.93,3.66,7.64
2008,336471,3.92,85.39,1.22,7.68,85.3,4.98,9.02
2008,336265.09,2.22,85.29,2.29,5.98,85.17,6.05,9.97
2008,335538,3.06,82.56,3.02,6.82,82.42,6.79,10.39
2008,334785.5,4.37,82.42,3.51,8.13,82.36,7.28,10.34
2008,335843.81,3.81,82.35,3.89,7.6,82.36,7.67,10
2008,325088.91,3.56,83.75,4.3,7.33,83.95,8.1,9.51
2008,332808.81,4.42,85.51,4.84,8.24,85.73,8.65,9.01
2008,325853.59,4.49,84.51,5.53,8.34,84.58,9.35,8.59
2008,333062.19,7.6,84.6,6.3,11.41,84.73,10.12,8.24
2008,324881.19,7.11,86.21,7.03,10.95,86.45,10.86,7.93
2008,326712.5,8.21,86.81,7.7,12.05,87.16,11.53,7.69
2008,330326.5,7.27,87.58,8.31,11.09,87.86,12.14,7.58
2008,329658.19,9.16,87.14,8.88,12.99,87.32,12.72,7.68
2008,329756.59,9.93,85.26,9.34,13.78,85.45,13.18,7.92
2008,332652.69,10.56,87.07,9.58,14.41,87.28,13.43,8.21
2008,332637,10.78,86.65,9.53,14.64,86.93,13.38,8.45
2008,333122,8.88,85.51,9.24,12.74,85.69,13.1,8.68
2008,333620.59,8.61,85.23,8.8,12.48,85.35,12.67,8.91
2008,334840.09,6.99,85.22,8.24,10.85,85.46,12.11,9.11
2008,331079,11.32,84.66,7.5,15.21,84.75,11.37,9.18
2008,334938.59,6.66,84.41,6.58,10.53,84.56,10.45,9.05
2008,336342.59,3.15,83.14,5.62,7.02,83.14,9.51,8.85
2009,338789,4.22,83.88,4.84,8.1,83.73,8.73,8.7
2009,257730.91,3.76,82.24,4.3,7.67,82.12,8.2,8.7
2009,333732.81,5.55,83.96,3.97,9.43,83.93,7.87,8.78
2009,335378.59,2.77,83.34,3.78,6.68,83.22,7.69,8.9
2009,337493.69,1.91,84.92,3.77,5.83,84.68,7.68,9.12
2009,337354.31,4.42,85.93,3.92,8.35,85.71,7.84,9.47
2009,334843,4.69,86.26,4.13,8.63,86.07,8.07,9.87
2009,334038,4.53,86.3,4.25,8.47,86.08,8.2,10.2
2009,334402.31,5.22,85.62,4.19,9.18,85.32,8.15,10.38
2009,333119.91,4.02,85.88,3.97,7.99,85.53,7.93,10.44
2009,336361.19,3.07,86.06,3.67,7.04,85.81,7.64,10.48
2009,336711.5,3.39,85.15,3.38,7.37,84.88,7.36,10.55
2009,332712.41,2.68,84.33,3.13,6.69,84.06,7.11,10.64
2009,332386.5,3.82,84.24,2.93,7.8,84.17,6.93,10.74
2009,335242.09,2.47,83.38,2.84,6.46,83.31,6.84,10.83
2009,321344.09,0.81,82.03,2.91,4.83,82.04,6.91,10.94
2009,331091.91,3.63,81.54,3.17,7.63,81.59,7.18,11.07
2009,336542.19,4.55,80.14,3.64,8.57,80.14,7.66,11.2
2009,331509.31,3.19,78.58,4.37,7.22,78.65,8.4,11.37
2009,335108.41,2.6,79.66,5.45,6.63,79.72,9.49,11.7
2009,332634.31,6.17,79.88,6.85,10.24,79.94,10.9,12.17
2009,332464.5,11.45,80.57,8.39,15.51,80.61,12.44,12.64
2009,333725.81,9.88,81.7,9.87,13.94,81.93,13.93,13.01
2009,328392.09,10.23,84.84,11.25,14.31,85.16,15.32,13.28
2009,330657.59,12.19,85.07,12.61,16.27,85.35,16.69,13.61
2009,329677.31,14.09,85.39,13.95,18.15,85.6,18.02,14.05
2009,330518.09,16.64,85.49,15.15,20.73,85.74,19.23,14.57
2009,330027,17.03,85.93,16.13,21.12,86.15,20.21,15.11
2009,331216.69,16.4,85.71,16.83,20.49,86.12,20.92,15.65
2009,329727.41,17.35,85.41,17.26,21.43,85.73,21.35,16.16
2009,330583.59,18.83,86.8,17.35,22.93,87.18,21.45,16.6
2009,332013.31,19.43,89.1,17.01,23.54,89.35,21.11,16.79
2009,334486.19,15.4,87.64,16.25,19.49,87.82,20.35,16.72
2009,334486,16.32,88.17,15.19,20.42,88.34,19.29,16.44
2009,333101.31,13.84,87.96,14.02,17.94,88.12,18.13,16.09
2009,335199.5,10.27,86.91,12.89,14.38,87.18,17,15.75
2009,336386.81,14.4,87.63,11.84,18.5,87.87,15.95,15.41
2010,337765.5,10.12,87.07,10.85,14.25,87.17,14.97,15.05
2010,334619.09,9.86,85.67,10.02,13.98,85.62,14.14,14.72
2010,336505.31,8.3,84.67,9.54,12.43,84.58,13.67,14.64
2010,335995.19,5.73,84.68,9.54,9.85,84.58,13.68,14.94
2010,335571.5,10.04,87.29,9.88,14.19,87.2,14.03,15.51
2010,337393.41,13.11,87.3,10.16,17.27,87.21,14.32,15.98
2010,335135.19,14.73,88.76,9.97,18.9,88.67,14.14,15.98
2010,334193.09,6.7,86.79,9.33,10.87,86.55,13.51,15.55
2010,335680.31,7.35,86.05,8.53,11.56,85.81,12.72,15
2010,335739.41,6.57,86.57,7.9,10.78,86.41,12.1,14.67
2010,336449.41,8.37,85.73,7.57,12.59,85.45,11.78,14.69
2010,335204,7.44,84.6,7.51,11.65,84.26,11.73,14.99
2010,335781,6.12,84.71,7.7,10.34,84.45,11.93,15.52
2010,334723.5,7,84.94,8.11,11.25,84.78,12.35,16.2
2010,336418.59,10.23,85.01,8.67,14.47,84.8,12.92,16.93
2010,336054.19,8.95,83.47,9.24,13.21,83.3,13.49,17.51
2010,336391.69,9.78,85.22,9.69,14.02,85.24,13.94,17.78
2010,336233.59,11.25,84.38,9.95,15.51,84.35,14.21,17.66
2010,333236.5,10.53,83.23,10.04,14.83,83.29,14.31,17.15
2010,333527,8.58,82.9,10.05,12.84,82.98,14.32,16.36
2010,336201.91,10.64,81.92,10.02,14.92,82,14.31,15.38
2010,333257.31,10.47,82.48,10,14.75,82.6,14.29,14.28
2010,330932.59,9.19,85.18,9.99,13.5,85.55,14.29,13.15
2010,331431.5,11.25,85.96,10.05,15.56,86.31,14.35,12.1
2010,334763.59,7.69,87.33,10.22,12.02,87.62,14.53,11.27
2010,331691.69,10.78,88.71,10.52,15.1,88.99,14.84,10.72
2010,330917.41,12.23,89.98,10.9,16.53,90.33,15.22,10.46
2010,332638.81,11.13,89.95,11.24,15.47,90.19,15.57,10.42
2010,331214.31,9.95,91.65,11.44,14.28,91.85,15.78,10.5
2010,330143.91,14.23,90.22,11.4,18.59,90.42,15.75,10.61
2010,331623.41,12.31,90.24,11,16.67,90.45,15.35,10.58
2010,332020.19,9.92,90.26,10.23,14.27,90.45,14.58,10.38
2010,334243,10.15,88.19,9.22,14.5,88.34,13.57,10.08
2010,336248.69,6.76,89.13,8.19,11.11,89.21,12.55,9.85
2010,337267,6.71,89.5,7.3,11.07,89.45,11.67,9.78
2010,335600.69,5.79,88.22,6.6,10.17,88.07,10.96,9.85
2010,336405.09,7.52,89.29,6,11.88,89.16,10.37,9.96
2011,338228.31,5.16,89.71,5.46,9.54,89.56,9.83,10.02
2011,337258.41,4.02,91.83,4.99,8.4,91.72,9.37,10.03
2011,337006.31,4.15,90.11,4.64,8.53,89.91,9.02,10.05
2011,338413.59,4.43,90.11,4.38,8.81,89.88,8.77,10.08
2011,334478.31,4.76,90.63,4.1,9.12,90.4,8.5,10.02
2011,336670.41,4.48,90.08,3.7,8.89,89.8,8.1,9.79
2011,335765.69,3.19,91.26,3.12,7.63,91.08,7.54,9.41
2011,337186.19,3.34,91.53,2.48,7.78,91.31,6.92,9
2011,335539.41,-0.79,91.68,1.91,3.65,91.38,6.35,8.68
2011,333517.31,1.92,91.22,1.49,6.38,90.9,5.94,8.57
2011,334905.09,1.92,92.41,1.26,6.37,92.14,5.72,8.69
2011,336046.19,1.15,91.95,1.25,5.61,91.73,5.71,9.03
2011,337007.19,-1.97,89.66,1.53,2.51,89.42,6,9.64
2011,336056.19,2.9,87.98,2.17,7.38,87.72,6.65,10.54
2011,337454.41,3.55,85.93,3.12,8.05,85.77,7.61,11.64
2011,336642.81,2.22,86.23,4.25,6.7,86.2,8.74,12.74
2011,335755.41,6.28,83.36,5.37,10.77,83.3,9.86,13.64
2011,337899.81,9.28,82.86,6.33,13.77,82.76,10.83,14.18
2011,334238.19,6.34,82.36,7.13,10.86,82.3,11.64,14.35
2011,336547,6.67,80.86,7.97,11.18,80.88,12.49,14.36
2011,336945.41,7.31,81.91,9.09,11.85,82.06,13.62,14.49
2011,333203.81,9.3,83.3,10.57,13.83,83.45,15.11,14.89
2011,329602.81,13.82,83.42,12.2,18.37,83.56,16.75,15.4
2011,328650.69,14.71,85.78,13.67,19.29,85.97,18.22,15.77
2011,330581.5,16.74,86.62,14.74,21.31,86.89,19.31,15.87
2011,332555.59,15.98,88.9,15.45,20.53,89.29,20.01,15.75
2011,333672.91,14.08,87.85,15.92,18.64,88.13,20.49,15.64
2011,332080.09,16.16,88.19,16.26,20.76,88.42,20.83,15.63
2011,328861.91,18.03,87.64,16.34,22.58,87.9,20.91,15.64
2011,331318.31,19.98,89.71,16.01,24.57,90.07,20.59,15.5
2011,332517.91,14.25,89.1,15.35,18.82,89.43,19.93,15.26
2011,334002.59,11.85,88.68,14.63,16.45,88.98,19.21,15.14
2011,336375.09,12.92,85.48,14.09,17.52,85.57,18.68,15.34
2011,336496.19,16.02,85.11,13.77,20.62,85.25,18.37,15.82
2011,335571,13.52,83.22,13.57,18.11,83.49,18.17,16.43
2011,336783.41,12.33,82.84,13.47,16.94,82.91,18.08,17.11
2011,338349.41,11.9,82.59,13.54,16.51,82.61,18.15,17.86
2012,337542.91,14.75,81.67,13.79,19.37,81.66,18.41,18.69
2012,338352.5,13.83,81.71,14.11,18.45,81.61,18.74,19.48
2012,338388.19,15.52,81.47,14.34,20.15,81.26,18.98,20.07
2012,335684.41,14.28,82.89,14.38,18.91,82.74,19.02,20.37
2012,335261,15.25,84.74,14.18,19.91,84.44,18.84,20.39
2012,336001.31,14.27,86.03,13.82,18.94,85.73,18.48,20.2
2012,337858,12.44,87.51,13.4,17.11,87.23,18.08,19.99
2012,335724.69,12.35,88.06,13.05,17.03,87.63,17.73,19.85
2012,333746.91,13.39,86.86,12.83,18.08,86.46,17.52,19.9
2012,332401.41,12.04,88.15,12.73,16.71,87.79,17.42,20.11
2012,334138.09,12.49,87.73,12.71,17.21,87.39,17.42,20.45
2012,335050.59,13.25,88,12.75,17.97,87.71,17.46,20.83
2012,334163,12.65,87.97,12.84,17.37,87.78,17.56,21.25
2012,335113.91,13.19,86.48,13.07,17.92,86.38,17.79,21.71
2012,335714.91,11.33,84.85,13.55,16.05,84.83,18.28,22.32
2012,336495,13.03,84.35,14.34,17.77,84.35,19.07,23.05
2012,336122.91,17.47,83.6,15.39,22.2,83.52,20.13,23.86
2012,336965.19,15.88,82.48,16.62,20.62,82.63,21.37,24.64
2012,337024.81,15.83,82.51,17.98,20.6,82.57,22.74,25.34
2012,332949.09,20.3,83.07,19.36,25.05,83.26,24.12,25.86
2012,334913.31,22.77,83.38,20.59,27.55,83.6,25.36,26.09
2012,331282.41,22,83.78,21.57,26.75,84.01,26.35,25.98
2012,331605.41,22.98,85.26,22.38,27.78,85.61,27.16,25.66
2012,332803.81,20.01,86.68,23.21,24.8,87.1,28,25.42
2012,331942.41,24.97,87.01,24.24,29.77,87.39,29.03,25.48
2012,332335.19,24.82,85.98,25.39,29.61,86.37,30.19,25.85
2012,330801.91,28.14,85.51,26.42,32.95,85.85,31.23,26.32
2012,329162.69,28.22,87.47,27.13,33.04,87.8,31.93,26.71
2012,331023.41,28.95,85.1,27.39,33.75,85.47,32.2,26.94
2012,330549.59,27.02,85.08,27.28,31.81,85.4,32.09,27.04
2012,334026.69,26.73,84.6,26.94,31.54,84.96,31.75,27.13
2012,334259.69,26.94,83.49,26.51,31.77,83.74,31.33,27.33
2012,335119,25.85,82.37,26.05,30.67,82.61,30.88,27.61
2012,336879.19,24.69,81.32,25.57,29.54,81.55,30.41,27.94
2012,336498.91,27.28,79.93,25.04,32.13,80.06,29.88,28.22
2012,335016.81,23.12,80.68,24.44,27.95,80.75,29.29,28.39
2012,336912,24.43,80.77,23.85,29.28,80.84,28.7,28.47
2013,338951,22.66,80.6,23.33,27.51,80.53,28.19,28.52
2013,337092.31,21.41,81.16,22.96,26.28,80.96,27.83,28.61
2013,333237.19,23.81,81.56,22.7,28.69,81.37,27.58,28.7
2013,328464.41,23.25,81.13,22.49,28.15,81.04,27.37,28.74
2013,336104.09,21.32,81.88,22.27,26.21,81.64,27.16,28.73
2013,337714.91,21.55,83.92,22.04,26.44,83.57,26.93,28.67
2013,335509.09,22.72,85.3,21.74,27.62,84.98,26.64,28.57
2013,334472.5,21.71,86.6,21.28,26.63,86.31,26.18,28.33
2013,88863.8,21.98,84.41,20.56,26.78,84.16,25.48,27.89
2013,224638.59,20.36,87.41,19.66,25.38,87.05,24.59,27.31
2013,335249.19,15.91,86.44,18.73,20.86,86.08,23.67,26.74
2013,334704.41,18.24,88.5,17.88,23.19,88.22,22.83,26.24
2013,336127.41,18.54,89.3,17.13,23.48,89.2,22.09,25.81
2013,336840.81,15.75,88.38,16.49,20.74,88.14,21.47,25.42
2013,335043.81,14.71,87.29,16.05,19.7,87.01,21.03,25.07
2013,335348.31,15.07,86.01,15.9,20.06,85.75,20.89,24.85
2013,336382.81,15.19,84.06,16.1,20.19,83.98,21.1,24.78
2013,335316.91,17.24,81.99,16.62,22.22,81.89,21.62,24.81
2013,333918.09,16.19,82.74,17.38,21.21,82.77,22.39,24.88
2013,333929.09,17.27,82.03,18.29,22.28,82.07,23.31,24.91
2013,331324.59,20.72,83.01,19.22,25.76,83.09,24.25,24.83
2013,331911.59,22.08,82.29,20.08,27.13,82.47,25.12,24.58
2013,331663.69,18.25,84.21,20.91,23.31,84.43,25.95,24.29
2013,332255,21.28,83.97,21.8,26.35,84.21,26.84,24.1
2013,235133.2,23.42,83.33,22.77,28.4,83.78,27.81,24.12
2013,168523.7,24.48,85.17,23.75,29.56,85.46,28.79,24.34
2013,330502.09,24.58,86.94,24.64,29.63,87.11,29.69,24.72
2013,329659.09,25.7,88.28,25.4,30.74,88.49,30.45,25.21
2013,332128.41,25.57,87.1,25.99,30.62,87.45,31.05,25.81
2013,332307.09,27.9,85.47,26.33,32.95,85.84,31.4,26.41
2013,332953.09,27.85,85.78,26.31,32.94,86.25,31.38,26.86
2013,334072.19,25.91,83.98,25.87,30.99,84.4,30.95,27.07
2013,334475.81,25.88,83.02,25.08,30.95,83.35,30.16,27.03
2013,336118.31,25.32,83.2,24.1,30.42,83.53,29.18,26.86
2013,335633.19,20.72,82.8,23.16,25.79,83.13,28.25,26.73
2013,335779,21.23,83.43,22.49,26.34,83.75,27.58,26.81
2013,335769.31,22.48,81.57,22.15,27.55,81.65,27.24,27.12
2014,337759.91,21.44,81.91,22.13,26.52,81.99,27.22,27.64
2014,337416.91,22.25,81.07,22.33,27.36,81.12,27.43,28.28
2014,336316.31,21.9,83.02,22.71,27,83.02,27.81,28.98
2014,337885.91,23,84.09,23.15,28.11,84,28.26,29.67
2014,338113.59,24.61,83.87,23.5,29.73,83.75,28.62,30.22
2014,335000.81,25.08,86.65,23.6,30.19,86.5,28.72,30.49
2014,335435.31,23.6,86.29,23.36,28.74,86.09,28.49,30.45
2014,335904.81,22.85,87.09,22.77,28,86.95,27.92,30.11
2014,336490.31,23.19,86.19,21.89,28.33,86.16,27.04,29.51
2014,336858.59,21.33,84.44,20.79,26.51,84.28,25.96,28.75
2014,334425.31,19.01,84.18,19.65,24.2,84.08,24.83,27.97
2014,334554.5,17.12,84.78,18.69,22.3,84.82,23.88,27.36
2014,335506.59,17.62,84.61,18.1,22.81,84.63,23.3,27.07
2014,334449.31,16.34,85.26,17.98,21.54,85.24,23.18,27.15
2014,335143.19,17.75,84.02,18.31,22.99,83.98,23.53,27.57
2014,335375.19,18.97,83.65,19.07,24.2,83.67,24.3,28.22
2014,332034.91,18.58,80.93,20.16,23.81,81.13,25.39,29
2014,333313.91,21.41,80.34,21.47,26.67,80.45,26.71,29.78
2014,334712,23.76,79.29,22.89,29,79.48,28.13,30.47
2014,333016.19,24.93,80.02,24.31,30.17,80.14,29.55,30.97
2014,330122.31,24.11,81.89,25.68,29.34,82.11,30.93,31.3
2014,330136.5,27.78,82.29,26.97,33.03,82.72,32.23,31.48
2014,330758.31,29.21,83.24,28.08,34.49,83.76,33.34,31.47
2014,328850.81,29.96,84.31,28.93,35.24,84.79,34.2,31.27
2014,327962.31,29.47,85.76,29.52,34.74,86.29,34.8,30.95
2014,328248.59,30.57,87.45,29.98,35.86,88.04,35.26,30.69
2014,330430.31,28.52,87.14,30.41,33.81,87.7,35.7,30.65
2014,329976.41,30.65,86.78,30.78,35.95,87.24,36.07,30.81
2014,330350.59,33.92,87.53,30.88,39.2,88.09,36.18,30.96
2014,330390.19,32.82,86.8,30.55,38.14,87.3,35.85,30.93
2014,332346.81,29.08,88.31,29.84,34.41,88.78,35.15,30.74
2014,333215.59,28.6,88.56,29.1,33.9,89.07,34.41,30.66
2014,335835.81,24.97,87.27,28.64,30.3,87.75,33.96,30.98
2014,337941.09,27.33,84.77,28.51,32.66,85.3,33.83,31.66
2014,336062.81,33.35,84.4,28.43,38.69,84.69,33.77,32.4
2014,304121.91,29.55,83.97,28.23,34.88,84.33,33.57,32.93
2015,337190,23.96,84.49,27.99,29.32,84.7,33.33,33.32
2015,336854.31,27.07,85.42,28.02,32.39,85.66,33.36,33.87
2015,334113.59,27.29,83.44,28.46,32.65,83.61,33.81,34.73
2015,338621.59,30.36,85.85,29.2,35.72,86.11,34.55,35.77
2015,338376.5,29.39,87.66,29.92,34.74,87.73,35.28,36.73
2015,336726.19,33.18,87.58,30.36,38.54,87.71,35.73,37.36
2015,333421.81,31.49,86.29,30.45,36.86,86.37,35.83,37.64
2015,335135.59,28.94,88.54,30.3,34.3,88.6,35.69,37.69
2015,330404.41,29.03,90.09,30.08,34.47,90.12,35.48,37.72
2015,336405.59,31.02,90.51,29.86,36.43,90.6,35.27,37.8
2015,336179.09,29.89,90.77,29.58,35.32,90.78,35,37.85
2015,334561.91,29.7,90.42,29.18,35.11,90.41,34.62,37.82
2015,331109.69,29.28,88.85,28.76,34.75,88.78,34.2,37.74
2015,335113.91,27.02,89.37,28.55,32.49,89.43,34,37.82
2015,335327.31,25.5,89.77,28.82,30.94,89.94,34.27,38.27
2015,333075.09,29.08,90.63,29.67,34.52,90.64,35.13,39.16
2015,335841.31,31.15,91.24,30.98,36.6,91.22,36.44,40.32
2015,332419.09,32.88,89.38,32.49,38.34,89.62,37.95,41.47
2015,333603.31,34.56,90.36,33.98,40.01,90.6,39.46,42.41
2015,333000.19,34.99,91.49,35.38,40.49,91.86,40.87,43.04
2015,330459.09,37.38,90.93,36.67,42.91,91.31,42.18,43.41
2015,331522.41,37.95,94.6,37.93,43.48,95.01,43.45,43.61
2015,332274.91,39.06,96.73,39.24,44.62,97.4,44.78,43.81
2015,331631,37.85,98.28,40.64,43.4,98.86,46.18,44.1
2015,327617.59,44.61,98.4,42.03,50.15,98.99,47.57,44.45
2015,330305.91,44.9,102.42,43.21,50.44,103.01,48.76,44.76
2015,333204.81,44.15,100.52,44.09,49.69,101.06,49.63,44.95
2015,330686.09,44.36,102.44,44.67,49.92,103.04,50.22,45.11
2015,330283.91,45.31,105.73,45.02,50.85,106.3,50.57,45.3
2015,330373.59,45.61,106.25,45.09,51.16,106.8,50.64,45.46
2015,326340.69,47.77,107.1,44.79,53.32,107.63,50.35,45.51
2015,331748.31,44.24,106.84,44.11,49.8,107.34,49.66,45.36
2015,333401.59,40.99,104.88,43.13,46.54,105.4,48.69,45.08
2015,335445.19,44.29,104.78,41.96,49.86,105.26,47.52,44.7
2015,334989.5,41.5,104.33,40.67,47.06,104.88,46.24,44.23
2015,334453.5,38.4,102.72,39.48,43.97,103.04,45.05,43.82
2015,336700.81,36.44,100.86,38.67,42.02,101.18,44.24,43.73
2016,334690.41,34.63,99.75,38.42,40.19,100.02,43.99,44.09
2016,333024.09,39.95,102.17,38.6,45.52,102.27,44.18,44.78
2016,335720.5,42.48,99.87,38.92,48.07,100.03,44.5,45.48
2016,334459.09,36.9,98.31,39.11,42.46,98.51,44.7,45.97
2016,337325.5,39.92,95.35,39.13,45.51,95.5,44.73,46.21
2016,335349.19,38.89,95.4,39.05,44.52,95.59,44.67,46.33
2016,333800.41,39.24,96.2,38.9,44.89,96.36,44.53,46.37
2016,334894.81,38.05,96.87,38.6,43.69,96.89,44.24,46.28
2016,320305.69,40.67,94.97,38.02,46.31,94.89,43.67,45.95
2016,335285.81,37.36,96.32,37.09,43.01,96.17,42.75,45.33
2016,333729,36.6,95.47,35.88,42.27,95.37,41.55,44.46
2016,334207.19,33.67,93.67,34.6,39.36,93.62,40.27,43.53
2016,331491.69,32.76,93.57,33.54,38.44,93.48,39.22,42.81
2016,335193.69,30.95,92.86,32.95,36.63,92.78,38.63,42.48
2016,335428.91,30.73,92.79,32.94,36.44,92.8,38.64,42.65
2016,334297.81,33.78,92.81,33.41,39.44,92.74,39.11,43.13
2016,330096.09,34.22,90.95,34.08,39.94,90.92,39.8,43.64
2016,333768.69,36.27,90.22,34.69,42.04,90.34,40.42,43.87
2016,334806.31,35.35,90.1,35.05,41.08,90.16,40.79,43.64
2016,333152.31,35.45,87.79,35.18,41.19,88.01,40.92,42.97
2016,332100.81,35.7,86.71,35.22,41.46,87.07,40.97,42.06
2016,332246.09,33.93,87.21,35.4,39.68,87.43,41.16,41.18
2016,332720.59,34.49,86.95,35.94,40.26,87.22,41.7,40.59
2016,330041.41,34.56,88.24,36.87,40.34,88.56,42.64,40.42
2016,328624.91,39.43,88.16,37.97,45.21,88.7,43.75,40.52
2016,332029.31,41.82,87.74,38.88,47.6,88.24,44.67,40.58
2016,331803.41,40.84,86.87,39.41,46.64,87.49,45.2,40.46
2016,332695.31,38.4,88.32,39.66,44.19,88.83,45.45,40.31
2016,331410.31,37.88,89.66,39.91,43.68,90.02,45.7,40.42
2016,333592.91,40.51,88.82,40.34,46.28,89.24,46.13,40.98
2016,330627.09,41.62,86.87,40.88,47.43,87.37,46.68,41.89
2016,332690.41,41.19,87.2,41.33,46.99,87.63,47.14,42.91
2016,333007.41,42.46,85.36,41.41,48.28,85.66,47.22,43.69
2016,336391.59,44.82,84.89,40.95,50.64,85.11,46.76,44.02
2016,288720.19,40.12,83.04,39.95,45.94,83.25,45.76,43.82
2016,336655.09,37.37,81.66,38.63,43.17,81.95,44.45,43.29
2016,337650.19,36.7,80.92,37.31,42.51,81.12,43.13,42.68
2017,338866.91,35.38,79.24,36.16,41.22,79.37,41.99,42.14
2017,337184.31,35.75,80.55,35.24,41.58,80.51,41.07,41.71
2017,334827.59,33.94,81.16,34.55,39.77,81.15,40.38,41.39
2017,335657.59,33.18,81.38,34.12,39.02,81.27,39.96,41.25
2017,334209.91,32.62,83.64,33.99,38.46,83.64,39.84,41.34
2017,335132.41,34.62,82.1,34.12,40.48,82.05,39.98,41.66
2017,337975.19,34.02,84.14,34.42,39.91,83.97,40.29,42.15
2017,334012.69,34.74,86.68,34.74,40.62,86.5,40.62,42.68
2017,334131.81,35.83,87.94,34.9,41.7,87.69,40.79,43.1
2017,333976.5,36.48,87.69,34.8,42.37,87.5,40.7,43.31
2017,335021.19,33.99,85.85,34.43,39.92,85.72,40.34,43.29
2017,332204.5,34.36,85.64,33.88,40.3,85.58,39.8,43.1
2017,334962.81,32.6,84.18,33.32,38.53,84.14,39.25,42.87
2017,338223.19,33.03,82.97,32.94,38.99,83.01,38.88,42.76
2017,336082.81,30.03,82.17,32.87,35.98,82.17,38.81,42.83
2017,334854.59,33.44,83.9,33.12,39.35,83.9,39.06,43.07
2017,332966,34.21,83.27,33.6,40.15,83.34,39.54,43.34
2017,334922.41,34.27,82.66,34.23,40.2,83.08,40.19,43.57
2017,334259.41,33.98,83.07,35.07,39.97,83.74,41.04,43.79
2017,335723.09,34.51,82.41,36.19,40.5,82.96,42.17,44.1
2017,333067.69,36.75,81.64,37.58,42.74,82.02,43.57,44.51
2017,331892.19,41.25,83.52,39.09,47.24,83.99,45.1,44.95
2017,331245.5,40.64,83.46,40.56,46.67,84.01,46.57,45.29
2017,331393.41,41.11,85.58,41.87,47.14,86.26,47.89,45.51
2017,327393,43.65,85.68,42.95,49.65,86.43,48.97,45.59
2017,332461.19,45.69,86.42,43.69,51.74,87.07,49.72,45.51
2017,333942.19,45.5,86.53,44.07,51.54,87.08,50.1,45.28
2017,332054.31,43.21,87.27,44.21,49.26,87.87,50.25,45.07
2017,334092.81,43.24,88.83,44.34,49.27,89.34,50.38,45.11
2017,331952.59,44.23,88.79,44.62,50.29,89.33,50.66,45.55
2017,332355.81,44.62,88.32,45.01,50.65,88.78,51.06,46.35
2017,334381.09,47.07,85.92,45.35,53.12,86.48,51.39,47.27
2017,336211.81,45.59,85.39,45.42,51.62,85.81,51.46,48.07
2017,337266,46.88,86.41,45.07,52.92,86.8,51.12,48.52
2017,335368.81,44.89,86.11,44.3,50.97,86.39,50.35,48.56
2017,338062,44.2,85.46,43.23,50.26,85.74,49.29,48.27
2017,338978.81,40.6,84.31,42.12,46.67,84.67,48.18,47.85
2018,336941.31,39.95,83.78,41.21,46.01,84.14,47.28,47.53
2018,338088.69,39.59,82.29,40.63,45.65,82.55,46.71,47.43
2018,339741.69,40.12,83.17,40.29,46.21,83.27,46.38,47.45
2018,336565.31,41.96,85.31,40.02,48.08,85.37,46.12,47.46
2018,336388.5,39.78,85.76,39.72,45.87,85.86,45.82,47.36
2018,336373.91,37,84.67,39.34,43.12,84.63,45.46,47.17
2018,336353.91,40.47,85.36,38.88,46.57,85.1,45,46.9
2018,337489,40.35,86.28,38.27,46.48,85.95,44.4,46.51
2018,337129.09,37.06,85.06,37.57,43.22,84.77,43.72,46.09
2018,333545.31,34.61,85.26,36.96,40.77,84.91,43.12,45.79
2018,336316.19,36.08,84.43,36.61,42.25,84.22,42.78,45.8
2018,336736.09,36.26,83.12,36.59,42.44,82.92,42.76,46.12
2018,336474.31,37.2,80.98,36.78,43.39,80.75,42.97,46.65
2018,333804.69,36.83,80.63,37.09,43.02,80.56,43.28,47.2
2018,336878.69,36.66,80,37.43,42.85,79.96,43.63,47.66
2018,335058,39,80.81,37.77,45.21,80.59,43.97,47.96
2018,335455.09,38.54,80.74,38.11,44.73,80.64,44.32,48.06
2018,335033.19,37.14,80.21,38.58,43.37,80.42,44.79,48.07
2018,335758.59,37.32,79.75,39.3,43.54,80.06,45.5,48.11
2018,331353.59,40.56,81.44,40.27,46.74,81.62,46.48,48.23
2018,330656.91,42.77,83.73,41.41,48.94,83.95,47.62,48.36
2018,332224.09,42.05,84.23,42.63,48.27,84.4,48.85,48.49
2018,332500,43.02,86.81,43.95,49.28,87.25,50.19,48.7
2018,331577.59,44.54,86.44,45.43,50.8,87.12,51.69,49.11
2018,331287.09,46.94,87.33,47.03,53.22,87.95,53.29,49.74
2018,329972.5,50.44,91.59,48.54,56.7,92.1,54.81,50.47
2018,330651,49.62,91.34,49.78,55.9,91.91,56.05,51.14
2018,328741.59,53.01,92.52,50.58,59.28,93.14,56.86,51.64
2018,329731,50.85,92.99,50.91,57.15,93.6,57.19,51.93
2018,331318.69,51.25,92.64,50.74,57.53,93.04,57.02,51.97
2018,332168.5,52.56,94.06,50.09,58.85,94.52,56.37,51.76
2018,334528.69,49.67,94.12,49.03,55.92,94.63,55.3,51.31
2018,333044.19,47.06,92.44,47.76,53.34,92.95,54.04,50.79
2018,333385.19,44.9,91.67,46.55,51.18,92.03,52.83,50.39
2018,336017.69,45.52,88.89,45.59,51.8,89.17,51.88,50.24
2018,337189.81,44.56,87.44,44.99,50.85,87.56,51.29,50.41
2018,337943.31,43.75,86.01,44.77,50.06,85.98,51.07,50.86
2019,336037.91,42.37,86.55,44.87,48.69,86.64,51.18,51.53
2019,337714.09,47.83,85.82,45.15,54.14,85.91,51.47,52.26
2019,335228.41,44.84,85.71,45.42,51.17,85.69,51.75,52.88
2019,336952.19,47,86.74,45.54,53.34,86.6,51.88,53.26
2019,334953.69,45.12,87.11,45.53,51.45,86.9,51.87,53.44
2019,62573.7,44.49,89.8,45.45,50.8,89.65,51.81,53.56
2019,254010,45.21,88.17,45.33,51.65,88,51.7,53.63
2019,335971.91,47.51,88.27,45.1,53.88,88.09,51.49,53.64
2019,333573.59,44.71,88.18,44.76,51.1,88.11,51.16,53.58
2019,151972,43.38,87.62,44.46,49.86,87.53,50.88,53.62
2019,334290.09,41.59,86.85,44.37,47.98,86.65,50.79,53.87
2019,335691.59,45.38,87.78,44.51,51.78,87.58,50.94,54.37
2019,333596.59,46.49,86.39,44.73,52.94,86.24,51.16,54.89
2019,332971.69,44.93,84.34,44.92,51.39,84.18,51.35,55.3
2019,334157.41,43.87,83.32,45.11,50.32,83.24,51.55,55.59
2019,336459.41,44.22,83.03,45.42,50.66,83.2,51.85,55.8
2019,335418.69,46.97,82.34,45.9,53.38,82.52,52.34,56.01
2019,333435.09,46.13,82.81,46.56,52.54,82.85,52.99,56.16
2019,331858,46.27,82.49,47.38,52.71,82.7,53.82,56.28
2019,331109.19,48.75,84.03,48.43,55.19,84.44,54.87,56.44
2019,331954.91,48.6,84.92,49.76,55.07,85.57,56.21,56.75
2019,332840.31,49.59,83.69,51.36,56.06,84.27,57.82,57.24
2019,331661.81,53.93,84.73,53.07,60.4,85.25,59.53,57.82
2019,331830.31,57.01,88.33,54.6,63.47,88.9,61.06,58.29
2019,329798.41,56.05,90.28,55.69,62.5,90.75,62.17,58.45
2019,331294.31,57.92,92.66,56.24,64.39,93.22,62.72,58.25
2019,330884.19,57.54,91.05,56.26,64.03,91.63,62.75,57.76
2019,329614.81,55.23,91.88,55.9,61.74,92.48,62.4,57.15
2019,330671,56.46,92.05,55.38,63,92.57,61.89,56.65
2019,330003.41,53.68,92.21,54.91,60.2,92.95,61.43,56.45
2019,333394.41,52.14,91.71,54.6,58.69,92.43,61.13,56.63
2019,332535.81,56.25,91.96,54.38,62.77,92.6,60.92,57.06
2019,334926.81,55.51,93.3,54.01,62.05,93.74,60.55,57.45
2019,334424.09,53.87,92.09,53.28,60.42,92.59,59.81,57.52
2019,335822.31,53.68,90.97,52.12,60.2,91.4,58.65,57.16
2019,336779.41,50.08,90.45,50.64,56.6,90.76,57.18,56.43
2019,336604.81,49.47,88.08,49.05,56.03,88.19,55.6,55.5
2020,336303.19,46.46,88.03,47.59,53.01,88.2,54.16,54.6
2020,335829.81,44.51,88.12,46.46,51.06,88.26,53.05,53.91
2020,201531.91,46.87,86.69,45.81,53.47,86.67,52.42,53.6
2020,36361,41.22,89.08,45.65,48.01,89.13,52.27,53.69
2020,335362.91,47.37,87.59,45.87,53.94,87.57,52.5,54.1
2020,335420.41,46.34,87.69,46.21,52.96,87.63,52.84,54.62
2020,335366.5,48.66,88.31,46.42,55.28,88.15,53.05,55.02
2020,334562.31,45.78,89.37,46.42,52.4,89.21,53.05,55.25
2020,335676.91,46.52,89.3,46.29,53.15,89.04,52.93,55.4
2020,333824.59,45.7,88.04,46.27,52.36,87.89,52.91,55.7
2020,334993.41,43.82,86.22,46.5,50.47,86.02,53.15,56.29
2020,335258.81,47.17,84.44,46.9,53.81,84.23,53.56,57.04
2020,335997.59,49.84,86.47,47.25,56.5,86.09,53.91,57.68
2020,337068.09,48.67,85.49,47.31,55.32,85.2,53.98,57.95
2020,334914.41,46.33,87.17,47.07,53.02,86.98,53.76,57.8
2020,336540.09,47.26,84.29,46.75,53.95,84.23,53.45,57.38
2020,219988.3,44.15,82.7,46.64,50.91,82.75,53.35,56.96
2020,335779.41,45.89,83.12,46.92,52.59,83.34,53.63,56.71
2020,333445.5,47.19,81.75,47.59,53.88,82,54.3,56.65
2020,333843.41,48.94,82.78,48.51,55.65,83,55.23,56.67
2020,333473.59,49.79,84.49,49.55,56.51,84.78,56.27,56.66
2020,334379.91,50.71,86.39,50.66,57.44,86.92,57.39,56.67
2020,330607,49.87,85.62,51.88,56.61,85.93,58.62,56.77
2020,330331.19,53.62,87.64,53.18,60.38,87.96,59.92,57.02
2020,330834.69,55.82,89.72,54.4,62.56,90.01,61.14,57.32
2020,329080.5,56.61,88.71,55.37,63.34,89.04,62.12,57.58
2020,331822.19,55.56,88.59,56.01,62.35,88.87,62.76,57.73
2020,333530.41,57.64,90.12,56.31,64.39,90.41,63.07,57.81
2020,332067.91,57.24,90.45,56.3,63.99,90.83,63.06,57.84
2020,287723.59,54.87,91.74,56.01,61.59,92.19,62.78,57.84
2020,312027.69,57.25,91.74,55.43,64.1,92.21,62.21,57.77
2020,334997.81,56.2,89.99,54.59,62.98,90.31,61.38,57.6
2020,336505.59,52.07,89.07,53.62,58.88,89.37,60.41,57.39
2020,336193.19,52.56,87.42,52.75,59.34,87.61,59.54,57.33
2020,336205.41,50.1,86.05,52.19,56.88,86.16,58.98,57.56
2020,337890.5,51.24,85.36,51.98,58.03,85.62,58.77,58.09
2021,336150.81,52.6,85.85,51.99,59.39,86.23,58.78,58.74
2021,337427.5,52.7,84.7,51.93,59.5,84.8,58.72,59.2
2021,337495.69,52.74,85.68,51.56,59.54,85.61,58.36,59.26
2021,337833.69,53,87.31,50.81,59.8,87.12,57.63,58.83
2021,334157.59,49.05,87.97,49.86,55.87,87.73,56.68,58.12
2021,335568.41,47.1,87,49.04,53.93,86.76,55.88,57.5
2021,337555.41,46.36,87.64,48.68,53.22,87.36,55.53,57.33
2021,335807,48.29,86.99,48.84,55.17,86.51,55.71,57.7
2021,336371.5,49,86.66,49.35,55.87,86.15,56.22,58.44
2021,337258.09,51.96,87.31,49.87,58.86,86.8,56.75,59.26
2021,334790.69,50.79,87,50.16,57.68,86.59,57.04,59.87
2021,322835.09,50.89,85.92,50.17,57.76,85.66,57.06,60.24
2021,333250.59,49.15,84.45,49.95,56.05,84.22,56.86,60.38
2021,334929.31,49.26,85.01,49.78,56.17,84.76,56.69,60.49
2021,338042.09,50.49,85.94,49.66,57.42,85.65,56.57,60.56
2021,337369.81,49.65,84.02,49.58,56.57,83.78,56.5,60.53
2021,335464.09,47.46,82.66,49.54,54.41,82.45,56.46,60.36
2021,335065.19,50.07,82.04,49.51,57.01,82.1,56.43,59.98
